"ID","Type","Name","Documentation","Specialization"
"id-9cd948eb-3f6c-44c8-a574-c57cc72f6eef","ArchimateModel","NBility versie 2.1 (voorjaar 2023) tbv EDSN","Het NBility model is een gezamenlijk model van de Nederlandse netbeheerders en beschrijft hun business capabilities, bedrijfsobjecten en waardestromen.

NBility staat voor Netbeheerder Business Capability. Het capability model is opgesteld om handvatten te bieden aan verandering binnen de netbeheerders.

Het onderhoud en ontwikkeling van NBility-model is in handen van de Nederlandse netbeheerders. Er wordt ook gewerkt aan het oprichten van een Gebruikersgroep, met als doel een platform te bieden waarop gebruikers van NBility ervaringen kunnen uitwisselen, inzichten kunnen delen en suggesties voor verbeteringen kunnen doen.

Het NBility-model wordt aangeboden onder de Creative Commons Naamsvermelding 4.0 Internationale Publieke Licentie (CC-BY-4.0). Dit faciliteert een breed gebruik en aanpassing binnen de kaders van deze licentie.

Voor uitgebreide informatie, bronnen en de laatste updates betreffende het NBility-model, nodigen we u uit onze websites te bezoeken: https://www.edsn.nl/nbility-model/ en https://github.com/NBility-Model. Deze platforms bieden diepgaande informatie en toegang tot het model, wat de adoptie en implementatie ervan binnen de nutssector ondersteunt.",""
"id-28564","Capability","C.1. Klanten bedienen","Het vermogen om klanten te bedienen, zodat zij onze producten en diensten afnemen en optimaal gebruiken.",""
"id-28669","Capability","C.1.1. Klanten bedienen en relaties onderhouden","Het vermogen om klanten te bedienen en relaties met klanten te onderhouden.",""
"id-28601","Capability","C.1.1.1. Service verlenen aan klanten in kanalen","Het vermogen om klanten diensten en ondersteuning aan te bieden via (digitale) kanalen zoals website, social media, email, telefoon, etc",""
"id-28658","Capability","C.1.1.2. Melding/vraag/verzoek van klanten behandelen","Het vermogen om meldingen, vragen en verzoeken van klanten in behandeling te nemen en naar tevredenheid af te handelen.",""
"id-28923","Capability","C.1.1.3. Contactpersoon/verantwoordelijke voor locatie bepalen","Het vermogen om de contactpersoon/verantwoordelijke voor een locatie te achterhalen. B.v. via de eigenaar van een perceel.",""
"id-28639","Capability","C.1.1.4. Relatie met klanten onderhouden","Het vermogen om positieve en constructieve relaties te onderhouden met klanten en deze te registreren. ",""
"id-28715","Capability","C.1.1.5. Transportbehoefte inventariseren","Het vermogen om de behoefte aan energietransport van partijen in de omgeving in te schatten door (in overleggen) informatie te verzamelen en te verwerken, denk hierbij aan RES, overheids- en zakelijke initiatieven.",""
"id-29057","Capability","C.1.1.6 Klantervaring monitoren en beïnvloeden","Het vermogen om klantervaringen vanuit via diverse (social media) kanalen te meten, monitoren en hierop reageren.",""
"id-28587","Capability","C.1.2. Contracten verwerven en beheren","Het vermogen om overeenkomsten met klanten aan te gaan en te beheren.",""
"id-28698","Capability","C.1.2.1. Producten aan klanten offreren","Het vermogen om klanten productoffertes met de juiste prijsopgave aan te bieden.",""
"id-28586","Capability","C.1.2.2. Contracten/SLA's afsluiten, aanpassen, beheren en beeïndigen","Het vermogen om met afnemers afspraken te maken/ contracten af te sluiten over producten en dienstverlening, inclusief managen van de prestaties en het beheren van contractregister. Dit gaat ook over aanpassen en beeïndigen van contracten en SLA's.",""
"id-28842","Capability","C.1.2.3 Producten en diensten ontwikkelen en beheren","Het vermogen om producten en diensten te ontwikkelen en te beheren. Dit omvat ook het ontwikkelen van klantreizen per doelgroep en het beheren van tarieven.",""
"id-28618","Capability","C.1.3. Factureren en innen","Het vermogen om facturen op te maken, te versturen en gelden te innnen c.q. betalingen te verwerken",""
"id-28883","Capability","C.1.3.1. Vergoeding voor geleverde diensten berekenen","Het vermogen om op basis van juiste gegevens (o.a. contract- en projectgegevens, aantallen, prijzen of verbruik) een waarde voor een geleverde dienst te berekenen.",""
"id-28878","Capability","C.1.3.2. Factuur maken en versturen","Het vermogen om een factuur met de juiste inhoud en in de juiste vorm bij de klant (kan ook een marktpartij zijn) te bezorgen.",""
"id-28887","Capability","C.1.3.3. Openstaande vorderingen innen","Het vermogen om openstaande vorderingen, rekening houdend met wettelijke termijnen, op tijd betaald te krijgen. Denk hierbij ook aan het inschakelen van een deurwaarder of het treffen van een betalingsregeling.",""
"id-28730","Capability","C.1.4. Inkomstenverlies beperken","Het vermogen om inkomstenverlies op te sporen, oorzaken te onderkennen en weg te nemen c.q te herstellen. Dit geldt zowel voor klant als voor de netbeheerder met eerlijke verdeling van kosten en opbrengsten als resultaat.",""
"id-28829","Capability","C.1.4.1. Schade verhalen veroorzaakt door derden","Het vermogen om schade veroorzaakt door derden vergoed te krijgen. Denk hierbij aan het aansprakelijk stellen van veroorzakers van vandalisme aan het net of schade door een aannemer. ",""
"id-28983","Capability","C.1.4.2. Storingscompensatie bepalen","Het vermogen om een financiële compensatie voor klanten te bepalen bij langdurige uitval van de dienstverlening.",""
"id-28729","Capability","C.1.4.3. Schadevergoeding bij schade veroorzaakt door werkzaamheden bepalen","Het vermogen om een financiële compensatie voor klanten te bepalen wanneer een werknemer of aannemer bij de klant schade heeft veroorzaakt",""
"id-28751","Capability","C.1.4.4. Contractloze aansluitingen bewaken/verminderen","Het vermogen om technisch netverlies en gemiste inkomsten te verkleinen door het aantal contractloze aansluitingen te verkleinen alsook de duur van contractloos zijn.",""
"id-28766","Capability","C.1.4.5. Fraude bestrijden","Het vermogen om technische en administratieve fraude op te sporen en te verkleinen, in de energienetten (tot en met de slimme meter) en in de processen. Samenwerken met opsporingsinstanties, zoals politie en brandweer. Bedrijfsinterne klantaansluitinggerelateerde fraude opsporen en verkleinen.",""
"id-28552","Capability","C.2. Energie transporteren","Het vermogen om energieaanbod en -afname bij elkaar te brengen, te balanceren en in continuïteit te waarborgen, zodat de klanten energie krijgen binnen de geldende eisen.",""
"id-28650","Capability","C.2.1. Energietransport verzorgen","Het vermogen om in het moment vraag en aanbod vast te stellen en op elkaar af te stemmen.",""
"id-29039","Capability","C.2.1.1. Energietransport bewaken","Het vermogen om de energievraag-/aanbodbalans van het netwerk en knelpunten te monitoren.",""
"id-28885","Capability","C.2.1.2. Werking van netcomponenten bewaken","Het vermogen om van individuele netcomponenten die samen het energienet vormen de prestaties te monitoren, te besturen, op afstand te configureren. Denk hierbij aan primaire, secundaire, tertiaire en telecom netcomponenten. En denk hierbij aan updaten van firmware en digitale configuratie.",""
"id-28819","Capability","C.2.1.3. Energietransport besturen","Het vermogen om stuuracties te bepalen en naar specifieke netcomponenten te zenden, ondersteund door signaal- en/of meetgegevens en geformaliseerde logica teneinde de energie te transporteren en de balans te handhaven. Inclusief reageren op verzoek andere netbeheerder, bv. activatie balancing van TenneT; Uitvoeren direct ingrijpen bij netuitval of technische congestie (incl. melden aan relevante netbeheerder bv. TenneT).",""
"id-28655","Capability","C.2.1.4. Energienetten in/uit bedrijf nemen op afstand","Het vermogen om stuuracties op netcomponenten te effectueren (schakelen op afstand) en een netdeel in of uit bedrijf te nemen, inclusief volgordeafhankelijkheid van dergelijke acties. Dit kan zowel in het kader van storingen onderhoud zijn als voor nieuwbouw.  Schakelplannen zijn hiervoor input.",""
"id-28649","Capability","C.2.1.5. Energienetten opnemen in de besturing van energietransport","Het vermogen om netcomponenten op te nemen in de besturing van het energienet, zoals zichtbaar maken in de monitoring en aanstuurbaar maken door SCADA. ",""
"id-28590","Capability","C.2.2. Energietransport herstellen","Het vermogen om afwijkingen op energie transport te herstellen",""
"id-28952","Capability","C.2.2.1. Storingen classificeren","Het vermogen om het type storing te bepalen mede aan de hand van een inschatting van lokale omstandigheden (bv locatie gaslek, aantal parts per million (PPM), gereguleerde-, sector- en interne richtlijnen, impact of mogelijke impact).",""
"id-28973","Capability","C.2.2.2. Storingen toewijzen","Het vermogen om een monteur aan de storing te koppelen voor lokale analyse en herstel, al dan niet voorzien van een urgentie of prioriteit van de storing.",""
"id-28592","Capability","C.2.2.3. Storingen analyseren","Het vermogen om (momentaan) de oorzaak/oorzaken en/of gevolgen van de storing te achterhalen. Ten behoeve van oplossen van de storing, veelal door de monteur en/of bedrijfsvoerder.",""
"id-28858","Capability","C.2.2.4. Storingen en onderbrekingen oplossen","Het vermogen om het energienet 'in operatie' te brengen om de onderbreking bij afnemers (verbruikersminuten) te minimaliseren.",""
"id-28589","Capability","C.2.2.5. Definitief herstel storingen initiëren","Het vermogen om het energienet 'in standaard operatie' te brengen in de nasleep van een storing.",""
"id-28837","Capability","C.2.3. Transport- en bedieningsplannen maken","Het vermogen om energietransport te plannen en de werkzaamheden af te stemmen op veiligheidseisen, operationele eisen en tijdigheidseisen",""
"id-28815","Capability","C.2.3.1. Transport plannen en analyseren","Het vermogen om een inschatting te maken van de belasting van het energienet op korte termijn inclusief loadflowberekening, netveiligheidsanalyse, balancering analyse, contingency analyse en het verwerken van resultaten van bijsturingsacties (b.v. schakelhandelingen en directe en/of afroep van opregel/afregel aanbod). Inclusief inzicht scheppen dat nodig is om een prognose te kunnen opstellen. ",""
"id-29011","Capability","C.2.3.2. Impact van (geplande) onderbrekingen bepalen","Het vermogen om vast te stellen welke aansluitingen getroffen worden door de (geplande/ongeplande) onderbreking en voor welke onderbrekingsduur. ",""
"id-29008","Capability","C.2.3.3. Bedieningsplannen opstellen","Het vermogen om volgordelijke overzichten te maken van uit te voeren acties (bediening) op netcomponenten.",""
"id-28547","Capability","C.3. Ontwikkeling en instandhouding van energienetten besturen","Het vermogen om energienetten te ontwikkelen en op het afgesproken niveau beschikbaar te houden, zodat het energienet continu aan de gestelde eisen voldoet.  Denk hierbij aan het ontwikkelen van primaire, secundaire, tertiaire en telecom netcomponenten.",""
"id-28616","Capability","C.3.1. Energienetten uitbreiden, vervangen en vernieuwen","Het vermogen om activiteiten te definiëren voor aanpassingen van de energienetten die de energienetten toekomstbestendig houden. Denk hierbij aan het ontwikkelen van primaire, secundaire, tertiaire en telecom netcomponenten.",""
"id-29244","Capability","C.3.1.1. (Veranderde) behoefte aan capaciteit en functionaliteit inventariseren en analyseren/simuleren","Het vermogen om (veranderende) behoefte aan capaciteit en functionaliteit te inventariseren, te analyseren en te simuleren. Denk ondermeer aan: lange termijn, investeringen/Capex planning.",""
"id-28615","Capability","C.3.1.2. Netrisico’s op capaciteit en/of functionaliteit bepalen en waarderen","Het vermogen om netrisico's en knelpunten op capaciteit en/of functionaliteit te bepalen en te waarderen gegeven de behoefte aan capaciteit en functionaliteit en de capaciteit en functionaliteit van het huidige energienet. Denk ondermeer aan: tactisch risicomanagement, risicomanagement methodiek.",""
"id-28682","Capability","C.3.1.3. Alternatieven voor mitigatie risico op capaciteit en/of functionaliteit analyseren en mitigerende maatregelen bepalen","Het vermogen om alternatieven op te stellen en te analyseren voor mitigatie van capaciteit en/of functionaliteit netrisico's/oplossen van knelpunten en de mitigerende maatregelen te bepalen. Denk ondermeer aan: scenario's, kosten en baten, value case.",""
"id-28798","Capability","C.3.1.4. (Meerjaren)planning voor maatregelen op capaciteit en/of functionaliteit opstellen","Het vermogen om maatregelen in de tijd te plannen met afgesproken horizonnen (meer jaren, jaar, voortschrijdend kwartaal, …). Denk ondermeer aan: euro's en geld, binnen budgettere grenzen, programma's zoals gietijzer vervanging, afstemmen met service provider (Sales&OperationsPlanning (S&OP) - demand).",""
"id-28621","Capability","C.3.1.5. Programma van eisen/functioneel ontwerp opstellen","Het vermogen om de bepaalde aanpassingen functioneel te ontwerpen inclusief het bepalen van het programma van eisen voor de verandering.",""
"id-28803","Capability","C.3.1.6. Omgevingsanalyses verrichten","Het vermogen om omgevingsanalyses te verrichten. Denk onder meer aan: bodemgesteldheid, asbest, flora, fauna, juridisch eigenaarschap, etc.",""
"id-28632","Capability","C.3.1.7. Tracévergunningen verkrijgen/zakelijk recht vestigen","Het vermogen om vergunningen te verkrijgen en zakelijke rechten te vestigen.",""
"id-28647","Capability","C.3.1.8. Opdracht voor uitvoeren van netaanpassing verstrekken, bewaken en administratief verwerken","Het vermogen om de opdracht voor de aanpassing aan de uitvoering te verstrekken inclusief het functioneel ontwerp/programma van eisen. Het monitoren/bewaken van de netaanpassing inclusief input verstrekken aan (meerjaren)planning bij afwijking buiten de bandbreedte en aan functioneel ontwerp bij afwijking van het functioneel ontwerp/programma van eisen. Het borgen en mogelijk maken van verwerking van de aanpassingen van de assets in de assetregistraties.",""
"id-28672","Capability","C.3.2. Energienetten in stand houden","Het vermogen om werkzaamheden te definiëren die de energienetten beschikbaar houden op basis van de toestand van het net gerelateerd aan afgesproken prestaties.",""
"id-28812","Capability","C.3.2.1. Net(componenten)toestand inventariseren en analyseren","Het vermogen om de toestand van netcomponenten en van het net te inventariseren (o.a. gebruikmakend van (sensor) data uit/over de componenten en het net) en te analyseren/bepalen.",""
"id-29030","Capability","C.3.2.2. Netrisico’s op kwaliteit bepalen en waarderen","Het vermogen om netrisico's en knelpunten op kwaliteit te bepalen en te waarderen gegeven de toestand van de netcomponenten en het net.",""
"id-29143","Capability","C.3.2.3. Alternatieven voor mitigatie kwaliteitsrisico analyseren en mitigerende maatregelen bepalen","Het vermogen om alternatieven op te stellen en te analyseren voor mitigatie van kwaliteit  netrisico's/oplossen van knelpunten en de mitigerende maatregelen te bepalen.",""
"id-28985","Capability","C.3.2.4. (Meer)jarenplanning voor onderhoud en inspecties bepalen","Het vermogen om onderhoud en inspectie maatregelen in de tijd te plannen met afgesproken horizonnen (meer jaren, jaar, voortschrijdend kwartaal, …).",""
"id-29020","Capability","C.3.2.5. Opdracht voor uitvoering van onderhoud en inspectie verstrekken en bewaken","Het vermogen om de opdracht voor onderhoud en/of inspectie aan de uitvoering te verstrekken. Het monitoren/bewaken van onderhoud en/of inspecties inclusief input verstrekken aan (meerjaren)planning bij afwijking buiten de bandbreedte. ",""
"id-28671","Capability","C.3.2.6. Storingen onderzoeken","Het vermogen om root cause analyses uit te voeren op de storingen van een bepaalde periode en deze om te zetten in verbeteracties waaronder aanpassing van onderhoudsplan, herontwikkeling/vernieuwing van netcomponenten, aanpassen van storing afhandelingsproces, ..",""
"id-28895","Capability","C.3.2.7. Graafschade voorkomen","Het vermogen om graafschade te voorkomen. Denk ondermeer aan de risicoanalyse en mitigerende maatregelen nav een graafbericht en de uitwisseling van liggingsgegevens van het energienet (GIS) in het kader van de WIBON. De melding bij werken aan het energienet is onderdeel van werkvoorbereiding capability.",""
"id-29046","Capability","C.3.2.8. Technisch netverlies inkopen en minimaliseren","Het vermogen om technisch netverlies in te kopen en te minimaliseren. ",""
"id-28584","Capability","C.3.3. Energienetrichtlijnen en -patronen vaststellen","Het vermogen om wet en regelgeving, veiligheids- en milieueisen om te zetten in richtlijnen, beleid en implementatiepatronen voor de energienetten en deze toegepast te krijgen.",""
"id-28990","Capability","C.3.3.1. Visie op energienetten ontwikkelen","Het vermogen om een visie op energienetten te ontwikkelen, onder meer door gebruik te maken van innovaties.",""
"id-28583","Capability","C.3.3.2. Strategische risico’s op energienetten vaststellen","Het vermogen om strategische risico's op energienetten en de energievoorziening vast te stellen.",""
"id-28954","Capability","C.3.3.3. Strategie op energienetten ontwikkelen","Het vermogen om een strategie op energienetten en de energievoorziening te ontwikkelen.",""
"id-28913","Capability","C.3.3.4. Beleid en standaardisatie van energienetten opstellen en onderhouden","Het vermogen om beleid en standaarden op te stellen en te onderhouden voor het aanpassen (uitbreiden, vervangen, vernieuwen) en in stand houden van energienetten, zoals handboek techniek.",""
"id-28919","Capability","C.3.3.5. Netcomponenten ontwikkelen","Het vermogen om netcomponenten te ontwikkelen al dan niet in samenwerking met fabrikanten/partners. Netcomponenten kunnen automaire netcomponenten betreffen zoals een apparaat of samengestelde netcomponenten zoals een station maar ook digitale componenten of functies.",""
"id-28777","Capability","C.3.3.6. Externe regelgeving in richtlijnen vertalen","Het vermogen om externe regelgeving te vertalen naar interne richtlijnen (beleid en standaarden).",""
"id-28562","Capability","C.4. Energietransport en -netten meten","Het vermogen om energietransport en -netten waar te nemen en metingen beschikbaar te maken, zodat andere capabilities metingen kunnen gebruiken.",""
"id-28624","Capability","C.4.1. Beschikbaar krijgen metingen van energietransport en -netten","Het vermogen om metingen van energietransport en -netten beschikbaar te krijgen. ",""
"id-29200","Capability","C.4.1.1. Energietransport en -netten waarnemen en omzetten in metingen","Het vermogen om energietransport en -netten waar te nemen (net doorstroom, functie performance, net component eigenschap) en om te zetten in metingen (meetdata).",""
"id-29032","Capability","C.4.1.2. Metingen verzamelen","Het vermogen om metingen te verzamelen voor verwerking. Dit is inclusief het handmatig uitlezen van meterstanden.",""
"id-29118","Capability","C.4.1.3. Metingen interpretabel maken","Het vermogen om metingen functioneel te verrijken (b.v. operationele net component identifier vertalen naar functionele net component identifier en toevoegen van metadata (datum, tijd en kwaliteits identificatie)). Dit omvat het technisch vertalen van de meting (o.a. protocol vertaling).",""
"id-28623","Capability","C.4.1.4. Metingen valideren","Het vermogen om metingen te toetsen aan geldigheidsregels en te corrigeren. Dit omvat tevens het aanvullen van ontbrekende tijdreeksen.",""
"id-28741","Capability","C.4.2. Beschikbaar maken metingen van energietransport en -netten","Het vermogen om de metingen te verspreiden.",""
"id-28971","Capability","C.4.2.1. Metingen direct beschikbaar maken","Het vermogen om metingen zonder/met minimale vertraging aan andere capabilities beschikbaar te stellen. Denk ondermeer aan real time dashboards en/of analytics, facturatiegegevens.",""
"id-29015","Capability","C.4.2.2. Metingen op afroep beschikbaar maken","Het vermogen om metingen op afroep voor andere capabilities beschikbaar te maken. Denk ondermeer aan periodieke dashboards/rapportages en/of batch/off line analytics.",""
"id-28550","Capability","C.5. Werkzaamheden uitvoeren aan energienetten","Het vermogen om werkzaamheden aan de energienetten uit te voeren, zoals aanleg, vervanging of onderhoud, zodat de werkzaamheden efficiënt en voorspelbaar worden uitgevoerd. ",""
"id-28809","Capability","C.5.1. Werkzaamhedenportfolio opstellen en onderhouden","Het vermogen om een portfolio aan werkzaamheden aan energienetten op te stellen en te onderhouden. ",""
"id-28800","Capability","C.5.1.1. Portfolio van werkzaamheden opstellen en onderhouden","Het vermogen om een portfolio aan werkzaamheden aan energienetten op te stellen en te onderhouden die past binnen de capaciteit. Het betreft het portolio van de service provider. Denk ondermeer aan Sales&OperationsPlanning (S&OP) - Supply.",""
"id-28686","Capability","C.5.2. Regievoeren over werkzaamheden","Het vermogen om uitvoerbare werkzaamheden aan energienetten te laten uitvoeren",""
"id-28976","Capability","C.5.2.1. Werkzaamheden adviseren aan opdrachtgevers","Het vermogen werkzaamheden in te schatten en/of te adviseren aan de opdrachtgever (zoals Asset manager). ",""
"id-28685","Capability","C.5.2.2. Opdrachten geven aan uitvoering","Het vermogen om opdrachten te geven aan de uitvoering binnen of buiten de netbeheerder.",""
"id-28866","Capability","C.5.2.3. Werkzaamheden coördineren","Het vermogen om werkzaamheden te coördineren. Denk hierbij aan projectmanagement en managen van uitval van orders.",""
"id-28795","Capability","C.5.2.4. Werkzaamheden evalueren","Het vermogen om werkzaamheden te evalueren, na afloop en bij langdurige werkzaamheden tussen door.",""
"id-28718","Capability","C.5.3. Werkzaamheden uitvoeren","Het vermogen om werkzaamheden aan energienetten uit te voeren",""
"id-28805","Capability","C.5.3.1. Voorlopige en definitieve ontwerpen van energienetten opstellen","Het vermogen om voorlopige en definitieve ontwerpen van energienetten op te stellen binnen de (technische) richtlijnen en functioneel ontwerp/programma van eisen.",""
"id-28760","Capability","C.5.3.2. Uitvoering van werkzaamheden voorbereiden","Het vermogen om werkzaamheden voor te bereiden. Denk ondermeer aan reserveren mensen, materieel en materiaal, uitvoeringsvergunningen, bodemonderzoek, melding van voorgenomen graafwerkzaamheden bij het kadaster (Wibon).",""
"id-29220","Capability","C.5.3.3. Werkzaamheden operationeel plannen","Het vermogen om werkzaamheden operationeel te plannen. Denk ondermeer aan roosteren monteurs.",""
"id-29209","Capability","C.5.3.4. Werkomgevingen veiligstellen","Het vermogen om werkomgevingen veilig te stellen. Denk onder meer aan spanningsvrij maken, weg afzetten, … ",""
"id-29083","Capability","C.5.3.5. Werkzaamheden uitvoeren","Het vermogen om werkzaamheden uit te voeren en technisch en functioneel op te leveren. Denk hierbij aan werkzaamheden voor uitbreiden, vervangen, vernieuwen, onderhouden, inspecteren, aansluiten, reconstructies, ..",""
"id-28861","Capability","C.5.3.6. Netcomponenten in/uit bedrijf nemen op locatie","Het vermogen om netcomponenten in en uit bedrijf te nemen op locatie.",""
"id-28717","Capability","C.5.3.7. Werkzaamheden en netcomponenten administratief opleveren","Het vermogen om werkzaamheden en netcomponenten administratief op te leveren. Denk ondermeer aan tijdstippen afgeronde werkzaamheden/handelingen/taken, gewerkte uren, gebruikte materialen, in inspecties verzamelde data, data over geplaatste energienetcomponenten ten behoeve van assetadministratie.",""
"id-28653","Capability","C.5.4. Werkzaamheden faciliteren","Het vermogen om werkzaamheden aan energienetten te faciliteren opdat deze kunnen worden uitgevoerd",""
"id-28680","Capability","C.5.4.1. Standaard werkproduct opstellen en onderhouden","Het vermogen om standaard werkproducten inclusief bestekken op te stellen en te onderhouden. Denk onder meer aan specificatie van uitvoeringsproducten/werkzaamheden in relatie tot omgevingsfactoren zoals zachte grond inclusief benodigde arbeidstijd (normuren), materialen (norm) en materieel (norm).",""
"id-28892","Capability","C.5.4.2. Uitvoeringscapaciteit managen","Het vermogen om uitvoeringscapaciteit te managen voldoende voor de uitvoering van de verwachte en/of afgesproken werkzaamheden. Denk ondermeer aan: toewijzen/reserveren van capaciteitsgroepen, afroepen van flexibele capaciteit, bewaken van voldoende capaciteit per benodigde aanwijzing/kwalificatie, aansturen van ontwikkelproces van uitvoeringscapaciteit. Sleutelbeheer tbv toegang stations.",""
"id-28652","Capability","C.5.4.3. Magazijnen en voorraden beheren","Het vermogen om magazijnen en aanwezige voorraden te beheren. Denk onder meer aan opslag, uitgifte, retouren, voorraadopname.",""
"id-28996","Capability","C.5.4.4. Goederen fysiek distribueren","Het vermogen om goederen fysiek te distribueren. Denk onder meer aan: van centraal magazijn naar decentraal magazijn, naar werkplaats, naar auto.",""
"id-28702","Capability","C.5.4.5 Materieel onderhouden","Het vermogen om materieel te onderhouden. Dit omvat het (her)ijken van meetapparatuur, onderhouden van gereedschap, bedrijfskleding.",""
"id-28566","Capability","C.6. De energiemarkt faciliteren","Het vermogen om met de partijen in de energiemarkt data uit te wisselen, volledig en op het juiste moment, om de marktwerking te garanderen.",""
"id-28575","Capability","C.6.1. Marktpartijen bedienen en relaties onderhouden","Het vermogen om marktpartijen in de energiemarkt te bedienen en relaties met hen te onderhouden. ",""
"id-28782","Capability","C.6.1.1. Relatie met marktpartijen onderhouden","Het vermogen om relaties met marktpartijen te onderhouden inclusief het registreren van marktpartijen zoals energieleveranciers, Programma verantwoordelijken (PV)/Balance responsible party (BRP), Meetverantwoordelijken, BSP’s, CSP’s, aggregators",""
"id-28898","Capability","C.6.1.2. Vragen van marktpartijen afhandelen","Het vermogen om verzoeken van marktpartijen aan te nemen en af te handelen, zoals vragen over metingen, facturen, etc.",""
"id-28712","Capability","C.6.1.3. Contracten voor marktdiensten afsluiten","Het vermogen om contracten voor marktdiensten af te sluiten, zoals contracten voor balanceringscapaciteit, redispatch capaciteit of vraagsturing en restrictiecontracten. ",""
"id-28574","Capability","C.6.1.4. Energiemarkten beheren","Het vermogen om energiemarkten te beheren opdat energiediensten kunnen worden verhandeld zoals over-the-counter-markten en energiebeurzen, markten voor de verhandeling van energie, capaciteit, balancerings- en ondersteunende diensten in alle tijdsbestekken, waaronder termijn-, day-ahead- en intraday-markten.",""
"id-28581","Capability","C.6.2. Marktdata beheren","Het vermogen om marktdata te beheren voor facilitering van de energiemarkt.",""
"id-29120","Capability","C.6.2.1. Aansluitingen/allocatiepunten beheren","Het vermogen om de marktgegevens over een aansluiting/ allocatiepunt te beheren, inclusief de meetinrichting en de relatie naar de marktpartij. Let op dit betreffen niet de fysieke aansluiting gegevens ten behoeve van asset management (rode domein). ",""
"id-28660","Capability","C.6.2.2. Installaties achter aansluitingen beheren","Het vermogen om de marktgegevens over installaties achter aansluitingen te beheren zoals productie-, opslag- en verbruikseenheden. ",""
"id-29207","Capability","C.6.2.3. Congestiegebieden beheren","Het vermogen om gebieden met transportschaarste te beheren.",""
"id-28606","Capability","C.6.3. Marktprocessen uitvoeren/faciliteren","Het vermogen om marktprocessen uit te voeren en/of te faciliteren.",""
"id-28876","Capability","C.6.3.1. Marktprocedures uitvoeren","Het vermogen om wijzigingen op aansluitingen/allocatiepunten te ontvangen en af te handelen die door een marktpartij zijn geïnitieerd conform vastgestelde markprocessen. Marktprocedures die we kennen zijn onder meer SwitchenVerhuizenEindelevering (SVEL), disputen, faillissement leverancier.",""
"id-28744","Capability","C.6.3.2. Energieplanning uitwisselen","Het vermogen om de energievoorspellingen uit te wisselen (forecast, nominatie). Denk hierbij aan energievoorspellingen met programmaverantwoordelijken.",""
"id-28754","Capability","C.6.3.3. Energie-uitwisseling vaststellen","Het vermogen om energie-uitwisseling vast te stellen, inclusief berekenen van energie-uitwisseling ((standaard jaar)verbruik),  vaststellen onbemeten, berekeningen bij seriële allocatiepunten, berekening toegekende energieverlies, volume afgenomen marktdiensten (zoals balancering, opregel-, afregelaanbod). Inclusief oplevering van de energie-uitwisseling van de meetverantwoordelijke, de oplevering van derden (CPO (charge point operator)), opgaven van gemeenten tbv openbare verlichting (berekening energie-uitwisseling via belastingprofiel). ",""
"id-28833","Capability","C.6.3.4. Energie-uitwisseling toewijzen aan marktpartijen","Het vermogen om de vastgestelde energie-uitwisseling toe te wijzen aan marktpartijen. Dit omvat het alloceren en reconciliëren waarna financieel settlement volgt in het financiële ondersteunende proces.",""
"id-29171","Capability","C.6.3.5. Opregel- en afregelbehoefte communiceren","Het vermogen om een verwachting van de hoeveelheid energie te communiceren die moet worden opgeregeld of afgeregeld om het energietransport te handhaven.",""
"id-28694","Capability","C.6.3.6. Opregel- en afregelaanbod beheren","Het vermogen om aanbod aan een netbeheerder te beheren waarmee de netbeheerder het productie- en/of belastingspatroon op een of meer aansluitingen kan wijzigen. Het betreft bijvoorbeeld balanceringscapaciteit, redispatch capaciteit, capaciteitbeperking, bieding en afroep van balanceringsdiensten of redispatchdiensten, Ter beschikking gestelde vraagsturing.",""
"id-28577","Capability","C.6.4. Delen van marktdata faciliteren","Het vermogen om delen van marktdata te faciliteren. In BAS/MFF model worden uitvoeren markt(systeem)processen en data delen onderscheiden. De wet kent  vier soorten data delen: voor markt(systeem)processen, data delen op verzoek (toestemming), dataverzoeken van derden en open data. Deze capability vult in het data delen op verzoek (toestemming), dataverzoeken van derden en open data.",""
"id-28628","Capability","C.6.4.1. Marktdata beschikbaar maken voor partijen","Het vermogen om marktdata beschikbaar te maken voor partijen. De wet kent  vier soorten data delen. Deze capability betreft data delen op verzoek (toestemming) en  dataverzoeken van derden. Dit betreft bijvoorbeeld de informatievoorziening ten behoeve van het CertiQ-proces.",""
"id-28901","Capability","C.6.4.2. Open data beschikbaar maken voor derden","Het vermogen om open data beschikbaar te maken voor derden ten behoeve van energietransitie of anderszins omgevingsvraagstukken uit te wisselen met klanten en/of andere stakeholders als gemeenten, energiecorporaties, warmtebedrijven, woningcorporaties, provincies, rijksoverheid, consultancybureau's. De wet kent  vier soorten data delen. Deze capability betreft  open data. ",""
"id-29081","Capability","C.6.4.3. Toestemmingen beheren","Het vermogen om toestemming tot toegang tot (markt) data te beheren. De toestemming wordt gebruikt bij het delen van data waarvoor toegang is vereist. Dit zijn onder meer de toestemmingen van klanten.",""
"id-28558","Capability","E.1. Bedrijfsrichting opstellen en besturen","Het vermogen om richting / sturing te geven aan het bedrijf door een missie, visie en een strategie te bepalen, met stakeholders in overeenkomst komen, de transformatie van de inrichting te besturen en continuïteit en compliance te bewaken.",""
"id-28608","Capability","E.1.1. Strategie ontwikkelen en bewaken","Het vermogen om een strategie te bepalen waarmee missie en visie middels strategische doelen worden gerealiseerd.",""
"id-29157","Capability","E.1.1.1. Externe en interne analyses uitvoeren","Het vermogen om te analyseren welke externe en interne ontwikkelingen van invloed zijn op missie, visie en strategie van het bedrijf.",""
"id-28992","Capability","E.1.1.2. Positionering bepalen en het merk definiëren","Het vermogen om het bedrijf zijn positie te bepalen, het merk te promoten en daarmee het imago van het bedrijf vorm te geven.",""
"id-29107","Capability","E.1.1.3. Strategie bepalen","Het vermogen om de strategie (wat we moeten doen) te bepalen aan de hand van strategische doelstellingen die zijn afgeleid uit de missie en visie.",""
"id-28610","Capability","E.1.1.4. Bedrijfsplannen opstellen","Het vermogen om (meer)jarenplannen op te stellen om de strategie te realiseren.",""
"id-29048","Capability","E.1.1.5. Bedrijfsprestaties bewaken","Het vermogen om de prestaties van het bedrijf te meten, te toetsen (tegen normen) en te vergelijken (benchmark) ",""
"id-28770","Capability","E.1.2. Met stakeholders in overeenstemming komen","Het vermogen om behoeften van de stakeholders en de netbeheerder in overeenstemming te brengen.",""
"id-28905","Capability","E.1.2.1. Stakeholderrelatie onderhouden","Het vermogen om stakeholders te herkennen, te informeren en de relatie met deze stakeholders te onderhouden. Dit omvat ook communicatiestrategie en beleid en het opstellen en uitvoeren van bedrijfscommunicatie en campagnes naar stakeholders, inclusief klantcampagnes.",""
"id-28910","Capability","E.1.2.2. Wet- en regelgeving volgen en beïnvloeden","Het vermogen om relevante regelgeving te identificeren, te beïnvloeden, de impact te overzien en te beleggen binnen de netbeheerder. ",""
"id-28769","Capability","E.1.2.3. Sectorsamenwerking ontwikkelen","Het vermogen om samen met de energiesector partijen (b.v. netbeheerders, energieleveranciers) of aanpalende sectorpartijen (b.v. aannemers, gemeenten) de samenwerking te ontwikkelen en te onderhouden.",""
"id-28903","Capability","E.1.2.4. Externe verantwoording afleggen","Het vermogen om verantwoording af te leggen aan regulators van de energiesector. Het vermogen om financiële verantwoording af te leggen is onderdeel van Financiën beheren.",""
"id-28663","Capability","E.1.3. Transformatie van bedrijfsinrichting besturen","Het vermogen om de transformatie van de bedrijfsinrichting te besturen. Dit leidt tot nieuwe eigenschappen van business capabilities of nieuwe business capabilities die voldoen aan principes en richtlijnen om op lange termijn succesvol te zijn. Deze hoofdcapability omvat tevens (onderzoek en innovaties realiseren die ondersteunend zijn aan de transformaties. ",""
"id-28676","Capability","E.1.3.1. Enterprisearchitectuur definiëren","Het vermogen om een enterprise architectuur op te stellen die richting geeft aan de veranderingen aan organisatie, processen, systemen, data en technologie.",""
"id-28662","Capability","E.1.3.2. Veranderportfolio opstellen en bewaken / Roadmap opstellen en bewaken","Het vermogen om veranderingen te definieren, prioriteren en afhankelijkheden en voortgang te managen d.m.v. een roadmap.",""
"id-29240","Capability","E.1.3.3. Veranderportfolio items besturen","Het vermogen om de voortgang van projecten, programma's, epics en features te bewaken en bij te sturen.",""
"id-29202","Capability","E.1.3.4. Onderzoek en innovaties realiseren","Het vermogen om onderzoek en innovatie uit te voeren en te besturen. Dit omvat ook het besturen van de innovatie funnel/het onderscheid maken tussen kansrijke en minder kansrijke innovaties.",""
"id-28706","Capability","E.1.4. Bedrijfscontinuïteit en compliance borgen","Het vermogen om kaders en risico's vast te stellen, te bewaken en te besturen door o.a. compliance te bewaken en policy's in te voeren.",""
"id-29000","Capability","E.1.4.1. Strategische risico's inventariseren en bewaken","Het vermogen om strategische bedrijfsrisico's te identificeren en mitigerende maatregelen te besturen. Dit omvat ook het uitvoeren en opvolgen van bedrijfsrisico audits.",""
"id-29043","Capability","E.1.4.2. Informatiebeveiliging borgen","Het vermogen om informatiebeveiligingsrisico's (waaronder cyberaanvallen) te inventariseren, te analyseren, te prioriteren en maatregelen te borgen. Dit omvat de NIST-CSF functies identify, protect, detect, respond, recover.",""
"id-29196","Capability","E.1.4.3. Privacy borgen","Het vermogen om privacyrisico's te inventariseren,  te analyseren, te prioriteren en maatregelen te borgen.",""
"id-29116","Capability","E.1.4.4. Bedrijfscontinuïteit borgen","Het vermogen om bedrijfscontinuïteitsrisico's vast te stellen en  te vertalen naar maatregelen en richtlijnen en die te bewaken.",""
"id-29186","Capability","E.1.4.5. Veiligheid, gezondheid, milieu en kwaliteit borgen","Het vermogen om richtlijnen voor persoonlijke veiligheid en gezondheid, milieu en kwaliteit (VGMK) op te stellen en te bewaken. Dit omvat ook de persoonlijke digitale veiligheid. Dit omvat ook het afhandelen van bedrijfsincidenten op gebied van VGMK.",""
"id-29025","Capability","E.1.4.6. Juridische zaken besturen en bewaken","Het vermogen om juridische aspecten van de organisatie te besturen en te bewaken. Dit omvat het inschatten van juridische risico's, het geven van juridische adviezen, het opstellen van juridische dossiers en juridische documenten en het voeren van juridische procedures.",""
"id-29160","Capability","E.1.4.7. Crisissen beheersen","Het vermogen om crissisen te besturen en planmatig te beheersen.",""
"id-28545","Capability","E.2. Processen en data ontwikkelen en beheren","Het vermogen om processen en data te ontwikkelen en te besturen.",""
"id-28775","Capability","E.2.1. Processen besturen","Het vermogen om processen te besturen. Dit omvat ook het definiëren, continu verbeteren en orkestreren van de  processen. Processen omvatten de waardestroom-/ ketenprocessen, hoofdprocessen, bedrijfsprocessen en werkprocessen.",""
"id-29230","Capability","E.2.1.1. Processen ontwikkelen en beheren","Het vermogen om processen te definiëren, continu te verbeteren en te beheren. Dit omvat het vastleggen van processen, het beleggen van eigenaarschap en het monitoren van de effectiviteit van processen.",""
"id-29294","Capability","E.2.1.2. Processen orkestreren","Het vermogen om de processen te orkestreren. Dit omvat het bepalen van de uit te voeren activiteiten, het aansturen van de activiteiten (aansturen actoren), het monitoren van de voortgang en het inzicht geven in / rapporteren over de voortgang op afgesproken momenten en/of op verzoek.",""
"id-28917","Capability","E.2.2. Data besturen","Het vermogen om data te besturen.",""
"id-29071","Capability","E.2.2.1. Datadefinites ontwikkelenen en beheren","Het vermogen om data te definiëren en te beheren. Deze capability omvat het vastleggen van datamodel/metadata en het beleggen van eigenaarschap. Onderdeel hiervan is ook het opstellen van data- en kennis richtlijnen en continu verbeteren van de datadefinities.",""
"id-29059","Capability","E.2.2.2. Datakwaliteit borgen","Het vermogen om datakwaliteit te borgen. Dit omvat ook het opstellen en bewaken van data governance richtlijnen.",""
"id-29075","Capability","E.2.2.3. Data herbruikbaar maken","Het vermogen om data conform een logisch model herbruikbaar te maken (FAIR). Dit omvat ook het beschikbaarstellen van master- en/of referentiedata (b.v. weerdata, kadasterdata, …).",""
"id-29179","Capability","E.2.2.4. Data-analysemodellen opstellen en beheren","Het vermogen om data-analysemodellen te creëren aan de hand van algoritmen, en te onderhouden. Dit betreft voorspellende en voorschrijvende data-analyses (data science). Beschrijvende data-analyses vallen onder Data herbruikbaar maken.",""
"id-29114","Capability","E.2.2.5. Data duurzaam bewaren","Het vermogen om data duurzaam te bewaren en te beheren. Deze capability omvat generieke digitale archiveringsmogelijkheden en fysieke/papieren archieven. ",""
"id-28540","Capability","E.3. Medewerkers werven en inzetbaar houden","Het vermogen om medewerkers te verwerven, inzetbaar te houden en te organiseren in een organisatiestructuur. ",""
"id-28644","Capability","E.3.1. Medewerkersstrategie en -plannen opstellen en besturen","Het vermogen om medewerkersstrategie en -plannen op te stellen en te besturen.",""
"id-29086","Capability","E.3.1.1. Medewerkersstrategie opstellen en besturen","Het vermogen om een medewerkersstrategie op te stellen en te besturen. Dit omvat ook het medewerkersbeleid en -ontwikkelstrategie, het onderhouden van arbeidsvoorwaarden en het afstemmen met OR en vakbonden.",""
"id-29036","Capability","E.3.1.2. Medewerkersplannen opstellen en besturen","Het vermogen om medewerkersplannen op te stellen en te besturen. Deze plannen omvatten ook de formatieplannen en de (strategische en tactische) personeelsplannen (SPP/TPP).",""
"id-28643","Capability","E.3.1.3. Organisatie inrichten en optimaliseren","Het vermogen om de organisatie in te richten en te optimaliseren. Dit omvat ook het registreren van de organisatiestructuur.",""
"id-28598","Capability","E.3.2. Medewerkers in- en uitstromen","Het vermogen om medewerkers in en uit te stromen",""
"id-29109","Capability","E.3.2.1. Medewerkers werven en selecteren","Het vermogen om medewerkers te werven en te selecteren. 
Dit omvat ook het communiceren met de arbeidsmarkt en de screening van medewerkers.",""
"id-28720","Capability","E.3.2.2. Medewerkers aannemen","Het vermogen om medewerkers aan te nemen. Dit gaat niet alleen om vaste medewerkers, maar omvat ook het aannemen van tijdelijke medewerkers en stagiaires en het onboarden van medewerkers.",""
"id-28597","Capability","E.3.2.3. Medewerkers laten uittreden","Het vermogen om medewerkers van werk naar werk te begeleiden, zowel op medewerkers als op werkgevers initiatief. Dit omvat ook de pensionering van medewerkers begeleiden. Dit omvat het contact houden met oud-medewerkers.",""
"id-28613","Capability","E.3.3. Medewerkers behouden","Het vermogen om medewerkers te behouden.",""
"id-28890","Capability","E.3.3.1. Medewerkerrelatie onderhouden","Het vermogen om een relatie met de medewerkers te onderhouden. Dit omvat het registreren van medewerkersgegevens, het verrichten van motivatieonderzoek en het betrokken houden van medewerkers en het leveren van arbeidsjuridisch advies.",""
"id-28786","Capability","E.3.3.2. Medewerkers (her)plaatsen","Het vermogen om medewerkers (vrijwillig of gedwongen) te (her)plaatsen. Dit omvat tevens het besturen van opvolging.",""
"id-28880","Capability","E.3.3.3. Medewerkers belonen","Het vermogen om medewerkers te belonen voor geleverde prestaties. Dit omvat salarissen, onkosten en overige vergoedingen.",""
"id-28928","Capability","E.3.3.4. Medewerkersverzuim begeleiden","Het vermogen om medewerkersverzuim door ziekte te begeleiden. Dit betreft onder meer de activiteiten van Wet poortwachter waaronder het verzuim registreren, beoordelen, herstel bevorderen en weer aan het werk geraken door werkgevers en werknemer samen met arbodienst en bedrijfsarts.",""
"id-28612","Capability","E.3.3.5. Medewerkerstijd verantwoorden","Het vermogen om tijd te verantwoorden. Dit omvat het registreren van (calamiteiten)verlof en werk.",""
"id-28969","Capability","E.3.4. Medewerkers ontwikkelen","Het vermogen om medewerkers te ontwikkelen en de prestaties te evalueren. Dit omvat tevens het ontwikkelen van leiderschap.",""
"id-29097","Capability","E.3.4.1. Medewerkersprestatie evalueren","Het vermogen om medewerkers prestaties vast te stellen, te beoordelen en te verbeteren. ",""
"id-28968","Capability","E.3.4.2. Medewerkers opleiden en certificeren","Het vermogen om medewerkers op te leiden en te certificeren. Dit omvat niet alleen inhoudelijke opleidingen zoals de bedrijfsschool, maar ook ontwikkelen van leiderschap en andere talenten.",""
"id-29065","Capability","E.3.4.3. Medewerkers duurzaam inzetbaar houden","Het vermogen om medewerkers duurzaam inzetbaar te houden. ",""
"id-28556","Capability","E.4. Digitale producten ontwikkelen en beheren","Het vermogen om digitale producten te ontwikkelen en te beheren met informatie en operationele technologieën.  Dit betreft de informatie technologie (IT) en de (centrale) operationele technologie (OT, ook wel de IT van de OT genoemd). Let op: De decentrale OT bestaat uit de secundaire assets die in het domein 'Ontwikkeling en instandhouding van energienetten besturen' worden bestuurd. Het omvat tevens de digitale werkplek.",""
"id-28710","Capability","E.4.1. Digitaal productstrategie en -portfolio ontwikkelen en beheren","Het vermogen om digitale-technologiestrategie te onwikkelen en het portfolio van digitale producten te beheren. Het ontwikkelen van digitaal product portfolio vindt plaats als onderdeel van de veranderingen die in E.1.3.2 en E.1.3.3 worden gemanaged.",""
"id-29277","Capability","E.4.1.1. Digitale productstrategie ontwikkelen en besturen","Het vermogen om digitale-technologiestrategie te ontwikkelen en besturen.",""
"id-29215","Capability","E.4.1.2. Digitale productenportfolio beheren","Het vermogen om portfolio van digitale producten te beheren.",""
"id-28630","Capability","E.4.2. Digitale producten realiseren","Het vermogen om digitale producten te realiseren",""
"id-28855","Capability","E.4.2.1. Digitale producten creëren, aanpassen en verwijderen","Het vermogen om digitale producten te creëren, aanpassen (onderhoud of functionaliteit uitbreiding doeleinden) en verwijderen. ",""
"id-28696","Capability","E.4.2.2. Digitale producten testen","Het vermogen om digitale producten te testen.",""
"id-28780","Capability","E.4.3. Digitale producten leveren","Het vermogen om digitale producten op te leveren.",""
"id-28779","Capability","E.4.3.1. Digitale producten uitrollen en opleveren","Het vermogen om het consumeren van digitale producten mogelijk te maken. Dit omvat het naar productie brengen van toepassingen/opleveren van digitale producten.",""
"id-28848","Capability","E.4.3.2. Digitale producten beschikbaar stellen","Het vermogen om digitale producten beschikbaar te stellen aan gebruikers. Dit omvat het toekennen van autorisaties en het beschikbaarstellen van licenties. Dit omvat ook de digital product instance configuratie.",""
"id-29128","Capability","E.4.4. Digitale producten exploiteren","Het vermogen om digitale  producten te exploiteren. Dit omvat het bewaken van het service level.",""
"id-29152","Capability","E.4.4.1. Gebruik digitale producten ondersteunen","Het vermogen om het gebruik van digitale producten te ondersteunen. Dit omvat de helpdeskfunctie.",""
"id-29127","Capability","E.4.4.2. Werking digitale producten zeker stellen","Het vermogen om de werking van digitale producten zeker te stellen. Dit omvat beheeractiviteiten zoals patchen, uitvoeren onderhoudsprocedures en afhandelen incidenten.",""
"id-28554","Capability","E.5. Goederen en diensten verkrijgen","Het vermogen om goederen en diensten te verkrijgen.",""
"id-28636","Capability","E.5.1. Goederen- en dienstenstrategie en -plannen opstellen en besturen","Het vermogen om goederen- en dienstenstrategie en -plannen op te stellen en te besturen.",""
"id-28950","Capability","E.5.1.1. Goederen- en dienstenstrategie opstellen","Het vermogen om goederen- en dienstenstrategie op te stellen en te besturen.",""
"id-28641","Capability","E.5.1.2. Goederen en diensten plannen en besturen","Het vermogen om goederen en diensten te plannen en te besturen. Dit omvat het (strategisch en tactisch) materiaalmanagement.",""
"id-28604","Capability","E.5.2. Contracten met leveranciers afsluiten en bewaken","Het vermogen om contracten met leveranciers af te sluiten en te bewaken. Dit omvat ook de bestellingen die binnen contracten worden gedaan. ",""
"id-28987","Capability","E.5.2.1. Inkoopleveranciersrelatie onderhouden","Het vermogen om een relatie met inkoopleveranciers te onderhouden. Dit omvat strategisch, tactisch en operationeel niveau. Dit omvat ook het bewaken van de naleving van de contracten met de leverancier.",""
"id-28603","Capability","E.5.2.2. Goederen en diensten contracteren en/of bestellen","Het vermogen om goederen en diensten te contracteren en/of te bestellen. Dit omvat ook het afsluiten van raamcontracten en daarbinnen afroepen van goederen/diensten.",""
"id-28665","Capability","E.5.2.3. Naleving van contracten bewaken","Het vermogen om afspraken/contracten met derden uit te nutten/toe te passen. ",""
"id-28543","Capability","E.6. Gebouwen beheren en faciliteiten beschikbaar stellen","Het vermogen om gebouwen en faciliteiten te beheren. Let op dit betreft gebouwen en faciliteiten die geen onderdeel zijn van het net; technische gebouwen zijn een asset categorie (tertiaire assets) en worden in domein 3 beheerd. Het omvat tevens de fysieke werkplek. Dit omvat: kantoorgebouwen, magazijnen, opleidingscentra, ...",""
"id-28634","Capability","E.6.1. Gebouwen beheren","Het vermogen om gebouwen te beheren.",""
"id-29123","Capability","E.6.1.1. Gebouwenstrategie en -plannen opstellen en besturen","Het vermogen om gebouwen- strategie en plannen op te stellen en te besturen. Dit omvat ook het huisvestingplan",""
"id-29005","Capability","E.6.1.2. Gebouwen verkrijgen, verbouwen en afstoten","Het vermogen om gebouwen te verkrijgen, te verbouwen en af te stoten.",""
"id-29041","Capability","E.6.1.3. Gebouwen onderhouden","Het vermogen om gebouwen te onderhouden. Dit omvat ook het plannen en uitvoeren van onderhoud.",""
"id-28773","Capability","E.6.2. Faciliteiten beschikbaarstellen","Het vermogen om faciliteiten beschikbaar te stellen",""
"id-29268","Capability","E.6.2.1. Gebouwinstallaties beheren","Het vermogen om gebouwinstallates te beheren. Dit omvat ook werkbouwkundige en elektrische voorzieningen zoals energievoorzieningen, liften, verlichting, 'uit' bordjes. ",""
"id-28772","Capability","E.6.2.2. Gebouwen schoonhouden","Het vermogen om schoonmaak te besturen. Dit omvat ook het verzamelen en afvoeren van afval.",""
"id-29184","Capability","E.6.2.3. Ruimtes beschikbaar stellen","Het vermogen om reserveringen van ruimtes mogelijk te maken. Dit omvat ook de reservering van parkeerruimte.",""
"id-28966","Capability","E.6.2.4. Voedsel en drank beschikbaar stellen","Het vermogen om voedsel en drank (catering) beschikbaar te stellen.",""
"id-28824","Capability","E.6.2.5. Veiligheid kantoorgebouwen borgen","Het vermogen om veiligheid van gebouwen te borgen door fysieke toegang te besturen. Dit omvat ook toegangsbeheer, beveiligers, balie, aanmelden van bezoekers, ..",""
"id-28850","Capability","E.6.2.6. Goederenafhandeling verzorgen","Het vermogen om kantoorgoederenafhandeling te verzorgen. Dit omvat ook het (ver)plaatsen van scheidingsmuurtjes, stoelen/bureaus, verhuizen, poststukken, kantoormiddelen (pennen, papier, etc).",""
"id-28560","Capability","E.7. Financiën verkrijgen en beheren","Het vermogen om de financiën te besturen.",""
"id-28579","Capability","E.7.1. Financiële strategie en plannen opstellen, bewaken en rapporteren","Het vermogen om een financiële strategie en - plannen op te stellen, te bewaken en te rapporteren.",""
"id-28674","Capability","E.7.1.1. Financiële strategie opstellen","Het vermogen om de financiële strategie op te stellen. Dit omvat ook de financieringsstrategie en het garanderen van de financiering.",""
"id-28839","Capability","E.7.1.2. Financiën plannen","Het vermogen om financiën (meer)jaren te plannen en te budgetteren. Dit omvat ook het begroten.",""
"id-28722","Capability","E.7.1.3. Financiële informatie verstrekken en adviseren","Het vermogen om financiële informatie te verstrekken en te adivseren over financiën/financiële informatie. Dit omvat ook financial + business control (analyse, control, advies) en financial audit. Dit omvat ook niet financiële formele informatie.",""
"id-28960","Capability","E.7.1.4. Financiële verantwoording afleggen","Het vermogen om financiële verantwoording af te leggen. Dit omvat de realisatie van het jaarverslag. ",""
"id-28764","Capability","E.7.2. Vermogen en liquiditeiten verkrijgen en beheren","Het vermogen om het vermogen en liquiditeiten te beheren. Dit omvat treasury.",""
"id-28846","Capability","E.7.2.1. Vermogen verkrijgen","Het vermogen om eigen en vreemd vermogen te verkrijgen, bijvoorbeeld door het aangaan van een lening of  de emissie van aandelen.",""
"id-28852","Capability","E.7.2.2. Activa waarderen","Het vermogen om waarde van activa (waaronder netcomponenten) vast te stellen.",""
"id-28763","Capability","E.7.2.3. Liquide middelen beheren","Het vermogen om liquide middelen te beheren. Dit omvat ook het beheren van bankrekeningen.",""
"id-28940","Capability","E.7.2.4. Betalingen verrichten","Het vermogen om betalingen te verrichten. Dit omvat de betaling aan crediteuren. ",""
"id-28595","Capability","E.7.3. Transacties financieel verwerken en standen beheren","Het vermogen om transacties financieel te verwerken (journaalpost) en standen te beheren (grootboek).",""
"id-28907","Capability","E.7.3.1. Transacties financieel verwerken","Het vermogen om transacties financieel te verwerken.",""
"id-28964","Capability","E.7.3.2. Financiële standen beheren","Het vermogen om financiële standen (grootboek) te beheren. Dit omvat de debiteuren en crediteuren standen.",""
"id-28594","Capability","E.7.3.3. Financiële beheermaatregelen uitvoeren","Het vermogen om financiële beheermaatregelen (controls) uit te voeren. Dit omvat ook het borgen van de volledigheid van de opbrengsten onder meer door gemeten prestaties te vergelijken met de geboekte opbrengsten. (revenue assurance).",""
"id-28734","ValueStream","Beschikbaar stellen van netbeheerdata","Value streams ‘Toewijzen van energie-uitwisseling’ (alloceren en reconciliëren) en ‘Beschikbaarstellen van netbeheerdata’ betreft het realiseren van dataproducten voor de marktpartijen uit data die bij de andere value streams zijn ontstaan opdat de energiemarkt functioneert en de energietransitie maximaal wordt ondersteund. ",""
"id-28739","ValueStream","Contracteren, aan- en afsluiten van gebruikers","Value stream Netgedreven aanpassen van energienetten leidt tot Toekomstbestendige energienetten voor zowel klanten als marktpartijen waarmee transportfunctionaliteit en transportcapaciteit wordt gerealiseerd voor het transporteren van energie en aansluitcapaciteit voor Contracteren, aan- en afsluiten van gebruikers.",""
"id-28691","ValueStream","Instandhouden van energienetten (onderhoud+storingherstel)","Value stream ‘Instandhouden van energienetten’ omvat het preventief onderhouden van de energienetten en het oplossen van storingen (alarmgedreven en klantgedreven) en leidt tot betrouwbare netten waarmee de afgesproken kwaliteit wordt geborgd/hersteld voor het transporteren van energie. ",""
"id-28757","ValueStream","Managen van beschikbare energienetcapaciteit (near real time)","Value stream ‘Managen van beschikbare energienetcapaciteit’ betreft het managen van de met de ‘Netgedreven aanpassen energienetten’ beschikbaar gemaakte energienetcapaciteit en via flex afspraken verkregen flex capaciteit en leidt tot ‘Transportcapaciteit’ voor het transporteren van energie.",""
"id-28726","ValueStream","Netgedreven aanpassen van energienetten","Value stream ‘Netgedreven aanpassen van energienetten’ leidt tot Toekomstbestendige energienetten voor zowel klanten als markpartijen waarmee transportfunctionaliteit en transportcapaciteit wordt gerealiseerd voor het transporteren van energie en aansluitcapaciteit voor ‘Contracteren, aan- en afsluiten van gebruikers’.",""
"id-28836","ValueStream","Reconstrueren van energienetten","Value stream ‘Reconstrueren van energienetten’ leidt tot reconstructie van energienetten voor overheden en grootzakelijke klanten opdat de ligging van de energienetten past in de omgeving en het transporteren van energie voortgang kan vinden.",""
"id-28732","ValueStream","Toewijzen van energie-uitwisseling","Value streams ‘Toewijzen van energie-uitwisseling’ (alloceren en reconciliëren) en ‘Beschikbaarstellen van netbeheerdata’ betreft het realiseren van dataproducten voor de marktpartijen uit data die bij de andere value streams zijn ontstaan opdat de energiemarkt functioneert en de energietransitie maximaal wordt ondersteund. ",""
"id-28626","ValueStream","Transporteren van energie (real time)","Value stream ‘Transporteren van energie’ leidt tot energie voor de klanten.",""
"id-29286","BusinessObject","Aansluiting","Eén of meer verbindingen tussen een energienet en een onroerende zaak. Dit betreft een administratieve groepering van fysieke verbindingen onder één individueel recht op energietransport.",""
"id-29252","BusinessObject","Aansluitlocatie","Een plek ten opzichte van de aarde waar zich het overdrachtspunt van een aansluiting bevindt.",""
"id-29273","BusinessObject","Bedieningshandeling","Een verrichting die de bedrijfstoestand van een netdeel wijzigt. Dit kan vanuit het bedrijfsvoeringcentrum (verre bediening), vanuit een centraal punt in een station (afstandsbediening) of direct op een component of veld (lokale bediening).",""
"id-29007","BusinessObject","Bedieningsplan","Een omschrijving van de bedieningshandelingen die uitgevoerd moeten worden en die leiden tot een gewenste bedrijfssituatie.",""
"id-28871","BusinessObject","Bedieningssituatie","De stand van een of meer regelbare eenheden in het energienet die van invloed zijn op het energietransport.",""
"id-28978","BusinessObject","Capaciteitsknelpunt","Delen van het energienet waarvan wordt verwacht dat zij vanwege een tekort aan transportcapaciteit een aanzienlijk risico vormen voor een goede uitvoering van de bij of krachtens de wet aan de netbeheerder toegekende taken.",""
"id-28657","BusinessObject","Claimzaak","Een klantzaak voor de behandeling van een eis van een klant tot schadevergoeding.",""
"id-28982","BusinessObject","Compensatiezaak","Een klantzaak voor de betaling van een compensatievergoeding aan een aangeslotene bij wie de transportdienst ten gevolge van een storing  onderbroken is geweest.",""
"id-29255","BusinessObject","Congestiegebied","Een gebied waarin de te verwachten behoefte aan transport van de in dat gebied aanwezige aangeslotenen redelijkerwijs kan leiden tot een situatie waarin de maximale transportcapaciteit van een net of netgedeelte niet voldoende is om te voorzien in die behoefte.",""
"id-28750","BusinessObject","Contractloze zaak","Een klantzaak voor de behandeling van een situatie waarbij er een actieve aansluiting is zonder leveringsovereenkomst.",""
"id-28538","BusinessObject","Domein Energiemarkt","Alle informatie die wordt beheerd om de energiemarkt te faciliteren.",""
"id-28568","BusinessObject","Domein Energienet","Alle informatie die wordt beheerd om ontwikkeling en instandhouding van energienetten besturen.",""
"id-28536","BusinessObject","Domein Energietransport","Alle informatie die wordt beheerd om energie te transporteren.",""
"id-28533","BusinessObject","Domein Klant","Alle informatie die wordt beheerd om klanten te bedienen.",""
"id-28572","BusinessObject","Domein Meting","Alle informatie die wordt beheerd om energietransport en -netten te meten.",""
"id-28570","BusinessObject","Domein Werk","Alle informatie die wordt beheerd om werkzaamheden aan energienetten uit te voeren.",""
"id-28753","BusinessObject","Energie-uitwisseling","Een afname of invoeding van energie op een aansluiting.",""
"id-29067","BusinessObject","Energiefraudezaak","Een klantzaak voor de behandeling van een situatie waarbij op illegale wijze energie wordt onttrokken aan het energienet.",""
"id-29136","BusinessObject","Energiemarkt","Een (virtuele) handelsplaats voor energie. Hieronder vallen onder meer over-the-counter-markten en energiebeurzen, markten voor de verhandeling van energie, capaciteit, balancerings- en ondersteunende diensten in alle tijdsbestekken, waaronder termijn-, day-ahead- en intraday-markten.",""
"id-28743","BusinessObject","Energieprogramma of prognose","Een bij een netbeheerder ingediende planning van handelstransacties (energieprogramma) en/of energie-uitwisseling (prognose).",""
"id-29261","BusinessObject","Energietransport","Een verplaatsing van energie via een energienet.",""
"id-29265","BusinessObject","Functioneel ontwerp","Een specificatie van eisen aan een netaanpassing en de gekozen oplossingsrichting.",""
"id-28995","BusinessObject","Goederenbeweging","Een fysieke of logische verplaatsing van goederen. Hieronder wordt mede verstaan de ontvangst, reservering, uitgifte en retournering van goederen.",""
"id-29069","BusinessObject","Graafbericht","Een bericht aan de netbeheerder van de Dienst voor het kadaster en de openbare registers nadat deze een oriëntatieverzoek of graafmelding heeft ontvangen.",""
"id-29140","BusinessObject","Installatie","Het samenstel van energietechnisch materiaal en leidingen van een aangeslotene, te rekenen na het overdrachtspunt van de aansluiting.",""
"id-28797","BusinessObject","Investeringsplan","Een door de netbeheerder periodiek opgesteld plan waarin alle noodzakelijke uitbreidings- en vervangingsinvesteringen worden beschreven en onderbouwd.",""
"id-28962","BusinessObject","Klachtzaak","Een klantzaak voor de behandeling van een schriftelijk aan de netbeheerder kenbaar gemaakte uiting van ongenoegen of ontevredenheid over een product, dienst of gedraging van (een medewerker van) de netbeheerder of een door de netbeheerder ingehuurde persoon.",""
"id-28638","BusinessObject","Klant","Een (potentiële) afnemer van een product of dienst van de netbeheerder.",""
"id-28678","BusinessObject","Klantaanvraag","Een verzoek aan de netbeheerder voor het leveren van een product of dienst.",""
"id-28600","BusinessObject","Klantcontactmoment","Een aaneengesloten periode waarbij interactief informatie wordt uitgewisseld tussen een klant en de netbeheerder.",""
"id-29056","BusinessObject","Klantervaring","Een subjectieve beleving van een klant naar aanleiding van direct of indirect contact met de netbeheerder.",""
"id-28882","BusinessObject","Klantfactuur","Een document dat een betalingsverplichting van of aan een klant weergeeft.",""
"id-29034","BusinessObject","Klantnotificatie","Een aan een klant gerichte officiële kennisgeving van een verandering in de status van de aansluit- of transportdienst.",""
"id-28790","BusinessObject","Klantofferte","Een formeel aanbod tot het sluiten van een overeenkomst, opgesteld op verzoek van een (potentiële) klant.",""
"id-29162","BusinessObject","Klantovereenkomst","Een afspraak tussen een klant en de netbeheerder over wat ze met elkaar of voor elkaar zullen gaan doen of laten. Hieronder vallen onder andere een aansluit- en transportovereenkomst (ATO), een geaccepteerde offerte en een samenwerkingsovereenkomst.",""
"id-29100","BusinessObject","Klantzaak","Een dienstverleningsproces voor een klant met een welgedefinieerde aanleiding en een welgedefinieerd eindresultaat, waarvan kwaliteit en doorlooptijd bewaakt moeten worden.",""
"id-29164","BusinessObject","Kwaliteitsknelpunt","Delen van het energienet waarvan wordt verwacht dat zij vanwege vanwege afnemende functionaliteit, betrouwbaarheid of veroudering een aanzienlijk risico vormen voor een goede uitvoering van de bij of krachtens de wet aan de netbeheerder toegekende taken.",""
"id-29145","BusinessObject","Marktovereenkomst","Een afspraak tussen een marktpartij en de netbeheerder over wat ze met elkaar of voor elkaar zullen gaan doen of laten.",""
"id-29232","BusinessObject","Marktpartij","Iedere partij die gerechtigd is om transacties in energie af te sluiten op de Nederlandse energiemarkt. ",""
"id-28875","BusinessObject","Marktverzoek","Een vraag om een door de Autoriteit Consument en Markt vastgesteld marktproces (bijvoorbeeld een inhuizing of leverancierswitch) uit te voeren.",""
"id-29174","BusinessObject","Marktzaak","Een dienstverleningsproces voor een marktpartij met een welgedefinieerde aanleiding en een welgedefinieerd eindresultaat, waarvan kwaliteit en doorlooptijd bewaakt moeten worden, niet zijnde de instantie van een vastgesteld marktproces.",""
"id-29093","BusinessObject","Materiaal","Een product bestemd om verwerkt te worden tot netcomponent.",""
"id-29219","BusinessObject","Medewerkerinzet","Het (gevraagde, geplande of daadwerkelijke) verbruik van de capaciteit van medewerkers.",""
"id-29248","BusinessObject","Meetinrichting","Een instrument of samenstel van instrumenten met een meetfunctie dat ten minste de energie-uitwisseling op een aansluiting meet.",""
"id-29104","BusinessObject","Meting","Een aan het energienet gerelateerde waardebepaling met behulp van een meetinstrument.",""
"id-29077","BusinessObject","Netaanpassingsopdracht","Een autorisatie voor de uitbreiding of vervanging van een energienet.",""
"id-29271","BusinessObject","Netberekening","Een kwantitatieve analyse om te bepalen of energietransporten in de toekomst met het huidige energienet zijn te realiseren.",""
"id-28933","BusinessObject","Netcomponent","Een fysiek onderdeel van het energienet.",""
"id-28811","BusinessObject","Netcomponentconditie","(Technische) toestand waarin een netcomponent verkeert.",""
"id-29228","BusinessObject","Netcomponentconfiguratie","Een verzameling van instellingen van een netcomponent die de werking ervan bepalen.",""
"id-29125","BusinessObject","Netcomponentprestatie","Het vermogen van een netcomponent om te voldoen aan functionele eisen of doelstellingen.",""
"id-28620","BusinessObject","Netfunctie","Een taak of doel van een netcomponent op een bepaalde locatie in het energienet.",""
"id-29010","BusinessObject","Niet-beschikbaarheid","Een situatie waarbij een of meer netfuncties tijdelijk niet kunnen worden gebruikt.",""
"id-28802","BusinessObject","Omgevingsanalyse","Een omschrijving van de fysieke leefomgeving en het eigenaarschap van de grond, waar rekening mee moet worden gehouden bij de uitvoering van de bedrijfsactiviteiten.",""
"id-29193","BusinessObject","Onderbreking","Een interruptie of beperking van het transport van energie bij één of meer afnemers.",""
"id-29166","BusinessObject","Onderhouds- of inspectieopdracht","Een autorisatie voor activiteiten die als doel hebben het in een voor de netbeheerder aanvaardbare conditie houden (of terugbrengen) van netcomponenten teneinde de gevraagde mate van functionaliteit te borgen.",""
"id-29281","BusinessObject","Onderhouds- of inspectieplan","Een omschrijving van de beoogde activiteiten aan netcomponenten die nodig zijn om het energienet in aanvaardbare conditie te houden.",""
"id-28693","BusinessObject","Opregel- of afregelaanbod","Een aanbod aan een netbeheerder om het productie- en/of belastingspatroon op een of meer aansluitingen te wijzigen.",""
"id-28818","BusinessObject","Opregel- of afregelactie","Een maatregel die door de netbeheerder wordt geactiveerd door een wijziging van het productie- en/of belastingspatroon op een of meer aansluitingen teneinde de fysieke stromen in het energienet te veranderen en de systeembalans te handhaven, fysieke congestie te verlichten of de systeemveiligheid op een andere manier te waarborgen. Opregelen betreft het meer invoeden of minder afnemen door een aangeslotene, afregelen betreft het minder invoeden of meer afnemen door een aangeslotene.",""
"id-29170","BusinessObject","Opregel- of afregelbehoefte","Een verwachting van de hoeveelheid energie die moet worden opgeregeld of afgeregeld om het energietransport te handhaven.",""
"id-28646","BusinessObject","Primaire netcomponent","Een netcomponent bedoeld voor energietransport.",""
"id-29242","BusinessObject","Product","Een al dan niet tastbaar iets dat de netbeheerder aanbiedt om aan een wens of behoefte te voldoen.",""
"id-28828","BusinessObject","Schadezaak","Een klantzaak om schade aan het energienet veroorzaakt door derden, anders dan door energiefraude, vergoed te krijgen.",""
"id-29002","BusinessObject","Secundaire netcomponent","Een netcomponent bedoeld voor het meten en/of sturen (inclusief beveiligen) van energietransport.",""
"id-29028","BusinessObject","Standaardwerkproduct","Regelmatig terugkerend werk, met een norm voor de benodigde uren, materialen en/of instructies.",""
"id-28724","BusinessObject","Storing","Een niet gewenste verandering in de werking van een netcomponent, netdeel of bijbehorende bedrijfsomstandigheden.",""
"id-28700","BusinessObject","Subdomein Aansluiting","Alle informatie die wordt beheerd over aansluitingen en installaties.",""
"id-28704","BusinessObject","Subdomein Energienet","Alle informatie die wordt beheerd om het energienet, of de functie ervan, te omschrijven.",""
"id-28668","BusinessObject","Subdomein Klant","Alle informatie die wordt beheerd over klanten.",""
"id-28921","BusinessObject","Subdomein Klantinteractie","Alle informatie die wordt beheerd voor interactie met de klant.",""
"id-28915","BusinessObject","Subdomein Klantovereenkomst","Alle informatie die wordt beheerd om contracten te verwerven en beheren.",""
"id-29023","BusinessObject","Subdomein Klantverrekening","Alle informatie die wordt beheerd om te factureren en innen.",""
"id-29013","BusinessObject","Subdomein Marktdataverstrekking","Alle informatie die wordt beheerd om marktdata te delen.",""
"id-29050","BusinessObject","Subdomein Marktpartij","Alle informatie die wordt beheerd om marktpartijen te bedienen en relaties met hen te onderhouden.",""
"id-29212","BusinessObject","Subdomein Marktproces","Alle informatie die wordt beheerd om marktprocessen uit te voeren en/of te faciliteren.",""
"id-28863","BusinessObject","Subdomein Meting","Alle informatie die wordt beheerd om metingen van energietransport en -netten beschikbaar te krijgen.",""
"id-29088","BusinessObject","Subdomein Netbeleid","Alle informatie die wordt beheerd om energiestransport te vaststellen.",""
"id-28946","BusinessObject","Subdomein Netkwaliteit","Alle informatie die wordt beheerd om energienetten in stand te houden.",""
"id-29112","BusinessObject","Subdomein Netverandering","Alle informatie die wordt beheerd om energienetten uit te breiden, vervangen en vernieuwen.",""
"id-28689","BusinessObject","Subdomein Transportafwijking","Alle informatie die wordt beheerd om energiestransport te herstellen.",""
"id-28926","BusinessObject","Subdomein Transportbesturing","Alle informatie die wordt beheerd om energiestransport te besturen.",""
"id-29054","BusinessObject","Subdomein Transportplanning","Alle informatie die wordt beheerd om transport- en schakeplannen te maken.",""
"id-29176","BusinessObject","Subdomein Werkactiviteit","Alle informatie die wordt beheerd om werkzaamheden uit te voeren.",""
"id-28930","BusinessObject","Subdomein Werkmiddel","Alle informatie die wordt beheerd om werkzaamheden te faciliteren.",""
"id-29052","BusinessObject","Subdomein Werkopdracht","Alle informatie die wordt beheerd om regie te voeren over werkzaamheden.",""
"id-28808","BusinessObject","Subdomein Werkportfolio","Alle informatie die wordt beheerd om een werkzaamhedenportfolio op te stellen en onderhouden.",""
"id-29102","BusinessObject","Technische bedrijfsstandaard","Een norm die aangeeft waaraan een bepaald product in technisch opzicht zou moeten voldoen.",""
"id-28736","BusinessObject","Telecomcomponent","Een onderdeel van een telecommunicatienetwerk bedoeld voor gegevensoverdracht van of naar een netcomponent.",""
"id-28748","BusinessObject","Tertiaire netcomponent","Een facilitaire voorziening voor de fysieke bescherming en/of ondersteuning van netcomponenten.",""
"id-29284","BusinessObject","Toestemming van aangeslotene","Een goedkeuring door een natuurlijk persoon die beschikt over een of meer aansluitingen, aan een marktpartij om gegevens op te vragen of te verstrekken voor een bepaald doel.",""
"id-28714","BusinessObject","Transportbehoefte","Het gewenste energietransport op lange termijn.",""
"id-28814","BusinessObject","Transportberekening","Een voorspelling van het energietransport met als doel deze in stand te houden.",""
"id-29133","BusinessObject","Uitvoeringscapaciteit","Het vermogen van medewerkers om werkactiviteiten uit te voeren.",""
"id-28759","BusinessObject","Uitvoeringsvergunning","Een beschikking op een aanvraag, die toestaat voorgenomen activiteiten voor bepaalde tijd te verrichten die in de wet- of regelgeving verboden zijn.",""
"id-29263","BusinessObject","Voorlopig of definitief ontwerp","Een omschrijving die laat zien hoe een netaanpassing er technisch uit gaat zien. Het gaat hier om de inzet van netcomponenttypes op netfuncties.",""
"id-29154","BusinessObject","Werkactiviteit","Een inspanning van een medewerker die voortvloeit uit een werkopdracht.",""
"id-29063","BusinessObject","Werkmiddel","Een gebruiksvoorwerp zoals een stuk gereedschap (bouwmaterieel) of voertuig (rollend materieel) dat wordt gebruikt om te werken aan het energienet.",""
"id-28794","BusinessObject","Werkopdracht","Een autorisatie voor het uitvoeren van een activiteit.",""
"id-28831","BusinessObject","Werkplan","Een omschrijving van alle werkzaamheden die uitgevoerd moeten worden.",""
"id-29079","BusinessObject","Zakelijk recht of tracévergunning","Een (volledig of beperkt) recht op een stuk grond (zakelijk recht), of een toestemming van het bevoegd gezag (vergunning), om in een bepaald tracé netcomponenten in bezit te hebben.",""
"id-28548","Grouping","C. Core business capabilities","",""
"id-28534","Grouping","Core bedrijfsobjecten","",""
"id-28541","Grouping","E. Enterprise capabilities","",""
"id-32322","Grouping","Enterprise bedrijfsobjecten","",""